CNL_Z,Density_0108,GR_Z,P-wave_0108,S-wave_0108
27.7075,2.4682,73.6562,107.0155,188.0522
27.1801,2.4637,72.1864,106.5615,186.5179
26.5198,2.4592,70.372,105.8935,184.6866
25.7729,2.457,67.4399,104.9855,182.4939
25.0184,2.4559,63.4989,103.9017,180.0841
24.3085,2.4581,59.2036,102.6951,177.5225
23.6836,2.4626,55.6917,101.4401,174.5626
23.1865,2.4659,54.3074,100.2516,172.3353
22.8172,2.467,54.6374,99.223,170.756
22.5859,2.4682,55.737,98.4322,169.677
22.506,2.4682,56.7492,97.9365,169.1685
22.612,2.4693,57.3944,97.8238,169.2893
22.8753,2.4704,57.872,98.0345,170.2487
23.2765,2.4704,58.4002,98.5212,171.3389
23.7736,2.4693,59.3175,99.1994,172.3751
24.2959,2.467,60.6628,99.9474,173.2441
24.7509,2.4626,62.103,100.6267,173.8205
25.0638,2.457,63.3386,101.145,174.0154
25.1808,2.4536,63.7888,101.4469,173.7947
25.058,2.4514,62.5194,101.4874,173.4267
24.7644,2.4503,59.891,101.3534,172.993
24.3691,2.4503,56.7713,101.1179,172.5304
23.9561,2.4514,54.1334,100.8577,172.0761
23.618,2.4525,52.6679,100.6425,171.5889
23.3959,2.4536,52.2198,100.4904,171.3198
23.2908,2.4525,52.5235,100.3902,171.1971
23.2765,2.4514,53.2024,100.3169,171.2371
23.3093,2.4503,54.0332,100.2415,171.439
23.3404,2.4491,54.9347,100.1468,171.8179
23.3488,2.4491,55.7823,100.0409,172.196
23.3303,2.448,56.4023,99.9542,172.4629
23.3,2.4458,56.6153,99.9452,172.706
23.3,2.4424,56.4539,100.0499,172.9681
23.3841,2.4391,55.8909,100.2944,173.3067
23.6171,2.4357,55.155,100.6774,173.9382
24.094,2.4335,55.2942,101.1912,174.5734
24.8056,2.4324,57.0043,101.7702,175.2098
25.7207,2.4324,60.0365,102.3572,175.7951
26.7503,2.4324,63.2785,102.8788,176.2738
27.7302,2.4335,65.5801,103.228,176.604
28.4964,2.4335,66.9201,103.3722,176.6514
28.9153,2.4335,67.7615,103.299,176.5076
28.917,2.4335,68.5501,103.0387,176.2603
28.4603,2.4346,68.9961,102.6467,175.9402
27.7201,2.4346,68.5617,102.2175,175.5769
26.8445,2.4368,67.2807,101.8029,175.061
25.984,2.4402,65.7815,101.4345,174.4728
25.2893,2.4435,64.5648,101.1292,173.7086
24.793,2.448,63.2775,100.8588,172.7042
24.4801,2.4514,61.7129,100.5884,171.484
24.2934,2.4559,60.1831,100.2696,170.0167
24.1479,2.4614,59.5568,99.8449,168.4267
23.9628,2.4682,59.9479,99.3165,167.3383
23.708,2.4771,60.7714,98.7127,166.4216
23.3909,2.4872,61.1667,98.0863,165.6018
23.0519,2.4973,60.1915,97.523,164.8404
22.7483,2.5062,58.0881,97.0825,164.0392
22.5178,2.5129,55.6674,96.8065,163.5876
22.3841,2.5163,53.853,96.7187,163.493
22.3681,2.5185,53.4133,96.8482,163.6401
22.4446,2.5185,53.9478,97.1242,163.9529
22.596,2.5152,54.7744,97.4735,164.3239
22.7928,2.5107,55.4197,97.8081,164.5392
22.9922,2.5062,55.9985,98.0165,164.4192
23.1469,2.5017,56.9305,98.0638,164.0906
23.2235,2.4995,57.989,97.9444,163.5896
23.205,2.4984,58.3696,97.6785,162.9417
23.0788,2.4995,57.2584,97.2752,162.0458
22.8786,2.5006,55.2099,96.7705,161.0319
22.628,2.5006,53.156,96.1712,160.0611
22.3445,2.5006,51.8983,95.4738,159.0473
22.0375,2.4984,51.4702,94.6706,158.0382
21.7137,2.4961,51.0052,93.7862,157.0521
21.3814,2.4928,50.0859,92.8489,155.9756
21.0601,2.4917,48.8935,91.9003,155.3589
20.7935,2.4939,48.2081,91.0238,154.9271
20.616,2.4973,48.5666,90.2848,154.6615
20.5521,2.5029,50.0068,89.7418,154.553
20.6118,2.5085,52.0005,89.4241,154.6127
20.791,2.514,53.6579,89.361,154.8819
21.0383,2.5196,54.4666,89.4793,155.2329
21.3259,2.5241,54.4961,89.7328,155.6219
21.6346,2.5252,54.1924,90.0753,156.0048
21.9568,2.5241,54.1271,90.4718,156.3268
22.2789,2.5196,54.7006,90.8763,156.6275
22.5758,2.5129,55.9384,91.2458,156.7586
22.8029,2.5051,57.4766,91.5331,156.7388
22.8702,2.4961,58.6047,91.6457,156.5388
22.7348,2.4894,58.6996,91.5477,156.1046
22.3656,2.4872,57.5557,91.2086,155.2714
21.7625,2.4883,55.4239,90.6363,153.8717
20.9601,2.4917,52.9789,89.8702,152.4915
20.0929,2.4984,50.729,89.0478,151.2157
19.2803,2.5029,48.3853,88.2818,150.1877
18.6478,2.5062,45.6683,87.6543,149.489
18.3425,2.5073,43.0125,87.2329,149.1232
18.3602,2.5073,41.6134,86.967,148.8928
18.6647,2.5062,42.2449,86.8082,148.5322
19.1634,2.5062,44.6235,86.7091,148.0844
19.7152,2.5085,47.4891,86.646,147.6175
20.1711,2.514,49.4016,86.6189,147.1933
20.4503,2.5219,49.952,86.6595,146.9221
20.5311,2.5308,49.4322,86.8161,146.8347
20.4344,2.5387,48.4,87.1676,146.7927
20.2687,2.5431,47.5661,87.6982,146.7537
20.1088,2.542,47.2593,88.3539,146.6697
19.9987,2.5375,47.6146,89.0264,146.3691
19.9356,2.5308,48.341,89.5311,145.6442
19.8607,2.5241,48.7279,89.7542,144.5639
19.7194,2.5196,48.3842,89.6472,143.2153
19.4755,2.5185,47.177,89.2348,141.7689
19.129,2.5196,45.2255,88.5927,140.431
18.7462,2.523,43.216,87.8886,139.5537
18.3921,2.5252,42.0088,87.2295,139.5181
18.1238,2.5264,42.4642,86.6809,139.8083
17.9808,2.5252,44.9387,86.2719,140.3354
17.927,2.523,48.0764,85.9329,141.0409
17.9127,2.5185,50.379,85.6095,142.1096
17.8791,2.5163,50.787,85.2704,143.5175
17.7748,2.5163,49.1233,84.9572,144.828
17.62,2.5185,46.6826,84.7612,146.0528
17.4762,2.523,44.3662,84.7804,147.1186
17.4417,2.5275,42.6804,85.0823,147.9046
17.6528,2.5297,42.0035,85.6985,148.1849
18.1154,2.5297,42.3799,86.4826,147.5476
18.7757,2.5297,43.9108,87.2859,146.2252
19.5016,2.5297,46.2714,87.9382,144.4214
20.0727,2.5342,48.4433,88.2254,142.3233
20.3393,2.5398,49.3637,88.1116,140.1797
20.2258,2.5465,48.4675,87.6115,138.8439
19.7446,2.551,45.9034,86.824,138.4323
18.9876,2.5532,42.5391,85.9092,138.3627
18.1861,2.5521,39.4985,85.0654,138.4857
17.5123,2.5499,37.2485,84.3996,138.6651
17.096,2.5476,35.841,83.9445,138.9008
17.0161,2.5454,35.2812,83.6775,139.2211
17.1574,2.5431,35.4277,83.4758,139.5897
17.4055,2.5409,36.2817,83.2629,139.9698
17.6444,2.5387,37.6935,82.9948,140.2945
17.7756,2.5342,39.0873,82.6714,140.4919
17.7975,2.5308,39.7336,82.3526,140.4773
17.7487,2.5308,39.2855,82.0969,140.3414
17.6915,2.5308,37.8875,81.9549,140.2829
17.7083,2.5331,36.5168,81.9775,140.4973
17.8277,2.5331,36.3176,82.1374,141.1619
18.0439,2.5308,37.6861,82.4056,142.794
18.3198,2.5275,40.2323,82.7356,144.5754
18.5932,2.5241,42.9566,83.0747,145.8128
18.8144,2.523,45.0821,83.3845,146.4872
18.9675,2.5252,46.419,83.6673,146.6351
19.0675,2.5275,47.0632,83.9501,146.3896
19.1542,2.5297,47.2129,84.2655,146.1512
19.2661,2.5308,47.196,84.5922,146.1003
19.404,2.532,47.216,84.8581,145.8391
19.5293,2.532,47.2456,84.9595,145.2002
19.552,2.5331,47.0031,84.7556,144.0578
19.409,2.5353,46.2556,84.252,142.0838
19.0659,2.5387,44.7922,83.4769,139.944
18.5334,2.5443,42.6972,82.4957,138.1852
17.8563,2.5499,40.2797,81.377,136.6413
17.1473,2.5543,38.0055,80.2313,135.3189
16.4912,2.5555,36.4188,79.1385,134.1756
15.9588,2.5555,36.0129,78.1877,133.058
15.6308,2.5555,36.8606,77.5196,132.7254
15.5063,2.5555,37.8558,77.1873,133.0743
15.6022,2.5577,38.2607,77.2549,134.2498
15.9327,2.5588,38.1373,77.7675,136.2919
16.5442,2.5599,38.3851,78.8107,139.7251
17.3862,2.5566,39.9824,80.2594,143.8833
18.4039,2.5499,43.0747,81.9842,147.1019
19.4982,2.5409,46.8713,83.7811,149.6115
20.4848,2.5308,50.1776,85.3245,151.2374
21.2031,2.523,52.262,86.3936,151.976
21.532,2.5196,52.9104,86.8769,151.904
21.426,2.5185,52.1355,86.8048,151.4213
20.902,2.5219,50.0479,86.3226,150.7811
20.1946,2.5275,47.4585,85.7661,150.0961
19.5117,2.5342,44.9767,85.3651,149.5506
19.0532,2.5387,43.4268,85.2896,149.4895
19.0204,2.5398,44.0984,85.6794,150.5097
19.3796,2.5375,46.7479,86.4387,151.908
20.05,2.532,50.6868,87.4616,153.1817
20.8902,2.5252,54.825,88.5961,154.1186
21.7078,2.5208,57.6727,89.6415,154.5394
22.3412,2.5185,58.6733,90.4651,154.4626
22.6969,2.5208,58.1957,90.9945,154.2406
22.7323,2.5252,57.2753,91.2097,153.9024
22.4244,2.5308,56.7144,91.079,153.2633
21.8836,2.5375,56.2779,90.6847,152.2091
21.1829,2.5454,55.3585,90.0629,150.5711
20.3948,2.5521,53.4101,89.2574,148.0729
19.5907,2.5577,50.359,88.3325,145.9427
18.8388,2.5599,47.1633,87.403,143.9364
18.1928,2.5588,44.5223,86.5513,142.1924
17.6974,2.5543,42.6614,85.8393,140.7708
17.408,2.5499,41.6651,85.3054,139.6891
17.2987,2.5465,41.4647,84.8874,139.1915
17.3483,2.5476,41.8875,84.5314,139.022
17.53,2.551,42.5444,84.1934,139.1238
17.8311,2.5555,42.9218,83.8814,139.6065
18.2315,2.5599,42.7985,83.6617,140.7123
18.753,2.5611,42.285,83.638,143.6624
19.4275,2.5588,41.7357,83.9287,147.2276
20.3057,2.5532,41.5797,84.7105,151.1507
21.3436,2.5431,42.1142,85.9768,155.0007
22.4892,2.5308,43.5881,87.7061,158.2636
23.6701,2.5163,46.0679,89.7801,160.5705
24.7972,2.5029,49.3647,91.924,161.1033
25.8049,2.4894,52.8419,93.7468,160.6865
26.6283,2.4782,56.0681,94.9308,159.8838
27.2011,2.4704,58.7028,95.2823,158.8895
27.4147,2.4704,60.6691,94.7145,157.9108
27.2877,2.4782,62.1704,93.6195,156.9457
26.8251,2.4961,62.8062,92.3295,156.5139
26.0505,2.5152,61.7919,91.1658,156.2953
24.9663,2.5286,58.4034,90.438,156.1958
23.676,2.5308,54.2409,90.162,156.1039
22.2621,2.5208,51.4913,90.2364,155.7766
20.823,2.504,51.5261,90.4268,154.7095
19.4814,2.4872,53.5398,90.3558,153.0137
18.3021,2.4771,54.7038,89.779,150.713
17.3264,2.4782,54.2926,88.6175,148.0446
16.5854,2.4861,53.8192,86.9918,145.2184
16.1607,2.4973,56.2041,85.2411,142.6113
16.048,2.5096,61.9279,83.8453,142.2942
16.2742,2.5174,69.2997,83.2009,143.8999
16.8638,2.5208,75.8059,83.5997,147.2574
17.9043,2.5185,79.5213,85.3549,152.0525
19.3788,2.5118,80.933,88.1601,158.4356
21.3158,2.4995,80.7823,91.7246,165.6176
23.6928,2.4838,79.7701,95.6315,170.355
26.3785,2.4648,78.6209,99.3244,173.7116
29.0196,2.4435,77.9114,102.3459,175.5231
31.2679,2.4223,77.6604,104.3805,175.7761
32.7853,2.4055,77.5107,105.2491,174.0411
33.1898,2.3965,76.876,104.7737,171.1394
32.5952,2.3999,75.4411,103.3328,168.0255
31.1442,2.4144,72.9719,101.1957,164.7334
29.1045,2.4357,69.6044,98.6575,161.5042
26.8285,2.4592,65.9944,95.9988,158.4193
24.6954,2.4827,62.8041,93.4561,155.369
22.9198,2.5006,60.2769,91.168,153.5175
21.6254,2.5152,58.4139,89.2484,152.287
20.9525,2.5264,56.9389,87.9122,151.8166
20.8482,2.5342,55.3838,87.2318,152.2999
21.3226,2.5398,53.7138,87.3467,154.4926
22.3327,2.542,52.2883,88.3448,158.271
23.7618,2.5398,52.0153,90.3152,162.2784
25.2674,2.5308,53.7855,92.8714,166.1239
26.5526,2.5163,58.3728,95.6372,169.4639
27.3466,2.5006,65.6086,98.1652,171.8299
27.3676,2.4872,73.6836,99.8922,172.7099
26.7099,2.4805,79.7406,100.6436,171.9471
25.5214,2.4827,81.8387,100.3676,170.4962
24.0629,2.4917,79.3916,99.1926,168.6471
22.6953,2.5017,73.6203,97.3394,166.6194
21.6901,2.5118,67.7383,95.2947,164.5598
21.167,2.5163,63.5179,93.366,163.1512
21.1232,2.5174,61.5083,91.7809,162.4477
21.4857,2.5174,61.2015,90.7411,161.9078
22.0283,2.5174,61.4261,90.2059,161.3906
22.6053,2.5185,61.9069,90.153,160.751
23.0931,2.5196,62.6902,90.5372,159.9821
23.3757,2.5208,63.7382,91.3055,160.1631
23.4649,2.5219,64.4794,92.2383,161.5213
23.4186,2.5208,64.4942,93.1362,164.1165
23.3606,2.5163,64.0155,93.7693,167.8313
23.4859,2.5085,64.4193,93.8031,172.9038
23.8745,2.4939,66.9317,93.1384,178.1685
24.4969,2.4726,71.8617,91.7268,181.1124
25.2051,2.4491,78.254,89.6404,182.1141
25.7132,2.4256,84.1202,87.047,180.9654
25.8074,2.4066,87.9832,84.3478,177.5598
25.3784,2.3999,89.1103,81.8434,170.2302
24.433,2.4066,87.2336,79.7637,162.2458
23.0855,2.4268,82.1149,78.3184,155.0319
21.6674,2.4581,74.9572,77.3934,148.9709
20.4419,2.495,67.1278,76.8876,144.4731
19.6042,2.5297,60.182,76.6837,141.938
19.2761,2.5577,55.5641,76.7141,141.663
19.2829,2.5745,53.0517,76.9101,142.5376
19.4646,2.5778,51.9098,77.2819,143.7493
19.6824,2.5734,51.4586,77.8632,145.151
19.8691,2.5622,51.4723,78.7341,146.6917
20.0559,2.5487,51.8983,79.8539,148.7338
20.3082,2.5342,52.8229,81.1551,150.7582
20.6951,2.5208,54.1945,82.4901,152.5004
21.2755,2.5096,55.8962,83.6054,154.0426
21.982,2.5029,57.9732,84.3647,155.3833
22.7188,2.5029,60.4551,84.7691,156.6361
23.3673,2.5118,62.8178,84.9809,158.5071
23.8123,2.5286,63.5811,85.3166,160.7342
24.0924,2.5487,62.3845,86.0252,163.7422
24.3195,2.5633,60.3929,87.2273,167.4282
24.6509,2.5633,59.7476,88.9453,171.604
25.2708,2.5454,62.4678,91.203,176.6598
26.1892,2.514,66.9686,93.829,180.9527
27.355,2.4771,70.7715,96.6702,183.5148
28.6571,2.4469,72.3541,99.5024,184.9812
29.9515,2.4279,72.6725,101.9876,185.3889
31.1114,2.42,74.4016,103.9558,184.9184
32.0341,2.4167,78.6821,105.3392,183.4401
32.6322,2.4144,84.6864,106.1638,181.7765
32.7693,2.41,89.8051,106.4094,179.6364
32.4564,2.4066,91.8452,106.1931,176.8205
31.675,2.41,90.3449,105.533,173.2603
30.4486,2.4223,86.095,104.4774,168.4873
28.8379,2.4413,80.506,103.1142,163.23
27.0976,2.4637,75.4021,101.6485,159.4379
25.4583,2.4861,72.043,100.1953,156.6092
24.1294,2.504,71.2618,98.8152,154.7363
23.2891,2.5163,73.1068,97.5275,153.7874
22.8307,2.5219,75.8038,96.3322,153.5723
22.6196,2.5252,77.8797,95.2857,153.7712
22.5035,2.5252,77.8291,94.4971,154.0437
22.3714,2.5241,74.6398,94.1816,154.405
22.2184,2.5219,69.6972,94.3855,154.9552
22.1141,2.5163,64.3371,95.1302,156.0271
22.1595,2.5096,59.8826,96.3615,158.5783
22.4875,2.5006,57.6316,96.3615,161.7618
23.0982,2.4917,57.5009,97.9928,165.3099
23.967,2.4827,58.9369,99.7874,168.6992
25.0218,2.4749,61.153,101.5809,171.5373
26.1556,2.4693,63.7835,103.2066,173.3155
27.2289,2.4637,66.5269,104.4233,173.2689
28.1255,2.4592,68.994,105.1218,172.2244
28.7319,2.457,70.644,105.1961,170.4186
28.8808,2.457,70.5544,104.5855,168.0536
28.5662,2.4603,68.8031,103.2043,165.1371
27.784,2.4715,65.8743,101.2633,161.7061
26.5888,2.4861,62.4414,98.9234,159.4349
25.0882,2.5029,59.2879,96.401,157.6998
23.5322,2.5185,57.0423,93.9811,156.4422
22.1267,2.5297,56.0449,91.8947,155.6493
21.0593,2.5353,56.4149,90.2837,155.2174
20.5201,2.5375,57.7971,89.2078,155.3624
20.4419,2.5375,59.0497,88.7617,156.3041
20.7388,2.5364,59.6496,88.8563,158.206
21.2872,2.5342,59.6369,89.5232,161.1898
21.9845,2.532,59.4029,90.8075,165.2151
22.7558,2.5264,59.3375,92.8151,171.1774
23.6154,2.5152,59.5726,95.369,175.5074
24.6029,2.495,60.2252,98.3297,179.0463
25.7628,2.4682,61.4177,101.5021,181.6616
27.0253,2.4368,63.0223,104.59,183.3611
28.2769,2.4066,64.8305,107.2611,184.0388
29.3569,2.3842,66.4731,109.1831,183.0169
30.0163,2.3719,67.907,110.0584,180.6259
30.1669,2.3697,69.3408,109.5278,177.0455
29.7657,2.3764,70.5449,107.8605,172.6091
28.8707,2.3898,70.8369,105.3088,167.5762
27.6074,2.4066,69.2206,102.2017,161.8485
26.2448,2.4268,65.9997,98.8851,158.6409
24.9503,2.448,62.0534,95.689,156.737
23.8325,2.4682,58.5257,92.8095,155.7645
22.9451,2.4861,56.4265,90.3862,155.4423
22.2125,2.5006,55.2151,88.578,155.4181
21.5673,2.5107,54.0891,87.2791,155.356
20.9542,2.5185,52.5804,86.4207,155.2426
20.3645,2.523,50.807,85.9182,155.1859
19.8565,2.5241,49.4891,85.7684,155.3019
19.5344,2.5241,49.3531,85.9261,155.703
19.5184,2.523,50.8998,86.4387,156.8582
19.9532,2.5208,54.2958,87.3647,158.2042
20.7817,2.5174,58.3538,88.8011,159.1235
21.9256,2.5096,61.9016,90.5969,159.3697
23.2411,2.4973,63.9638,92.5357,158.7349
24.4843,2.4838,64.6249,94.2481,157.0092
25.3936,2.4693,65.346,95.0896,153.9025
25.7451,2.4592,66.451,94.7156,150.8946
25.3835,2.4603,66.6935,92.9345,147.9499
24.1899,2.476,63.1172,89.8522,145.4048
22.4505,2.5096,55.0517,85.8788,143.7661
20.4604,2.5566,43.9529,81.9651,144.2222
18.6167,2.6047,33.2485,78.9121,147.5938
17.5157,2.6383,27.6437,77.3878,152.2334
17.4577,2.6472,28.1941,78.0345,157.2742
18.5427,2.626,34.3924,80.3721,162.1311
20.5664,2.5868,44.4147,83.8419,166.0943
23.0208,2.5431,55.3596,87.679,168.2101
25.1723,2.5085,64.0503,90.9438,167.6429
26.556,2.4928,68.7863,93.1159,165.8577
26.942,2.4961,69.46,94.0284,163.3169
26.2574,2.5107,67.6054,93.8391,160.3943
24.978,2.5297,65.8479,92.9165,157.294
23.5229,2.5454,65.093,91.9003,155.2854
22.2932,2.5521,64.7683,91.1444,154.8145
21.6069,2.5521,63.5864,90.8312,155.5825
21.3865,2.5443,61.6486,91.043,157.5641
21.458,2.5331,60.1187,91.6254,160.6956
21.6153,2.5219,59.9574,92.5064,165.8078
21.7154,2.5107,61.0297,93.6364,170.1397
21.7599,2.5017,62.0155,95.004,174.3244
21.8121,2.4939,62.3549,96.5159,178.4283
21.9416,2.4883,62.1588,98.0931,182.27
22.2024,2.4838,61.9754,99.6399,185.9842
22.5598,2.4805,62.2453,101.0289,188.4822
22.9737,2.4771,62.9306,102.1916,189.2883
23.4136,2.4738,63.8911,103.0883,189.0662
23.8922,2.4693,65.2533,103.7214,187.9382
24.4524,2.4637,67.1964,104.1022,186.0813
25.1488,2.4581,69.7942,104.323,182.9495
26.0076,2.4547,73.1279,104.4098,179.9545
27.0051,2.4536,77.3494,104.3557,176.9975
27.996,2.4559,81.6953,104.1022,174.0562
28.8211,2.4626,84.8003,103.6426,171.1539
29.3157,2.4715,85.3411,102.9633,168.2112
29.2955,2.4827,82.5377,102.0789,165.5229
28.8219,2.4939,78.1001,101.0357,164.0266
27.9892,2.5051,73.8333,99.9666,163.149
26.9563,2.514,71.2618,98.9729,162.7157
25.9142,2.5208,71.2829,98.1179,162.4906
25.0033,2.523,72.6271,97.389,161.8262
24.2597,2.5219,73.9587,96.6533,160.3624
23.644,2.5163,74.0547,95.7881,158.3882
23.0553,2.5107,71.6013,94.7134,156.045
22.3916,2.5062,66.8537,93.3829,153.5617
21.6153,2.5062,60.6174,91.8947,151.0128
20.754,2.5107,54.2631,90.3332,148.638
19.912,2.5163,49.9172,88.8011,147.5389
19.2131,2.5219,48.4854,87.438,147.0444
18.7446,2.5219,50.0374,86.3125,147.057
18.541,2.5185,53.5989,85.4597,147.4246
18.5999,2.5118,57.5768,84.8626,148.0262
18.8018,2.5051,60.7872,84.4807,148.5881
19.0667,2.5006,62.8252,84.2193,149.144
19.3384,2.4995,63.6802,84.0673,149.8149
19.5865,2.5017,63.7097,84.0819,150.6408
19.8246,2.5062,63.3734,84.4334,151.6518
20.0811,2.5107,62.8336,85.2107,153.3207
20.3948,2.5152,62.1704,86.4759,155.0231
20.8297,2.5185,61.7656,88.213,157.0447
21.4134,2.5185,62.3391,90.3321,159.3661
22.1713,2.5118,64.5342,92.5515,161.8851
23.1108,2.4995,68.373,94.6401,164.7048
24.2278,2.4838,72.993,96.3784,166.9723
25.4331,2.4648,76.8223,97.4881,168.1436
26.6376,2.4503,79.0627,97.9635,168.6241
27.7335,2.4402,79.6858,97.8407,168.5448
28.5671,2.4379,79.2219,97.2639,168.0841
29.0919,2.4413,78.6958,96.4641,167.5464
29.2829,2.4503,78.662,95.7487,167.5402
29.1651,2.4603,79.3252,95.3014,167.9419
28.7748,2.4693,80.5609,95.235,168.7122
28.2449,2.476,81.6816,95.6631,169.8421
27.6612,2.4782,82.2182,96.5091,171.4336
27.117,2.4771,81.9072,97.7213,173.3721
26.7284,2.4726,80.8592,99.1768,174.7672
26.5392,2.4648,80.0179,100.6436,175.659
26.545,2.4547,80.0822,101.8446,175.8228
26.6788,2.4424,81.0712,102.5735,175.0806
26.8041,2.4301,81.8303,102.7109,172.6062
26.7797,2.42,82.6231,102.1397,169.3191
26.5181,2.4156,81.4033,101.0256,165.9582
25.9899,2.4189,77.7258,99.4731,162.6303
25.2051,2.4279,72.8043,97.6233,159.6293
24.2984,2.4424,68.6028,95.6664,156.9088
23.3774,2.457,65.8363,93.8222,154.3805
22.5346,2.4726,64.0556,92.2169,152.4135
21.8491,2.4861,62.239,90.8954,150.4529
21.3057,2.4984,60.2284,89.8545,148.5582
20.881,2.5073,58.8968,88.9802,146.9271
20.5462,2.514,59.1867,88.2378,145.7995
20.2973,2.5185,60.8757,87.6329,145.9573
20.1215,2.523,62.3644,87.2318,146.8636
20.0214,2.5252,62.7556,87.0414,148.1935
19.9978,2.5275,62.007,87.0898,149.8005
20.0466,2.5275,61.0096,87.4019,151.5403
20.1501,2.523,60.6501,88.0643,153.7231
20.3124,2.514,61.1562,89.0523,155.5077
20.5521,2.5017,62.4066,90.331,157.1888
20.9121,2.4872,64.4836,91.7922,158.6467
21.3781,2.4726,67.6265,93.2184,159.8388
21.9105,2.4626,71.8058,94.3731,160.7669
22.432,2.457,76.3394,95.093,161.5089
22.8231,2.457,79.7417,95.3273,162.5473
23.0267,2.4626,80.7907,95.1539,164.3619
23.0368,2.4715,79.3126,94.9421,167.2058
22.9224,2.4794,76.1464,95.0615,171.3636
22.8593,2.4816,72.8232,97.6447,178.5957
23.0637,2.476,70.7188,100.1322,184.4281
23.6987,2.4581,70.5501,102.8596,188.7798
24.7854,2.4312,72.5344,105.1635,190.7691
26.1304,2.401,76.2424,106.0782,189.8282
27.2709,2.3786,80.1107,105.2389,184.5861
27.7882,2.3753,82.7359,102.4788,174.9734
27.3777,2.3954,82.4133,97.9478,165.4041
25.8335,2.4424,76.9678,91.9837,155.9383
23.5549,2.514,67.1194,85.6039,147.6478
20.9735,2.5991,54.3812,79.6714,141.4122
18.6445,2.6752,41.1875,75.0535,138.5912
17.3063,2.72,30.8415,72.8308,140.9678
17.2205,2.7244,25.0438,72.9874,146.0316
18.4754,2.692,24.6263,75.3836,152.9571
20.9272,2.6383,29.7566,79.5711,160.8364
24.3144,2.5745,40.4189,84.9696,169.207
28.0229,2.5073,53.6727,90.5732,176.5172
31.5825,2.4402,66.6407,95.6552,180.2416
34.5146,2.3831,76.9688,99.5644,181.8761
36.217,2.3451,83.2567,101.5483,181.539
36.598,2.3294,86.6126,101.7668,179.3308
35.645,2.335,87.7987,100.4859,174.6012
33.5355,2.3529,87.28,98.2125,169.4442
30.5597,2.3764,85.0596,95.5921,164.8674
27.339,2.4033,81.5256,93.2657,160.9652
24.3279,2.4312,76.8296,91.5556,157.931
21.9055,2.4559,71.2428,90.5924,155.9465
20.4192,2.4726,65.6887,90.4256,155.1795
19.7379,2.4794,61.6317,90.7681,155.2531
19.6933,2.4749,59.9827,91.4283,155.4678
20.0382,2.467,60.4561,92.2248,155.6862
20.5126,2.4581,61.4335,93.0055,155.8143
20.9012,2.4536,61.1657,93.7096,155.8135
21.1283,2.4536,59.4166,94.3607,155.6596
21.2023,2.457,57.0401,95.0243,155.381
21.2006,2.4614,56.0196,95.7814,155.0072
21.2401,2.4648,57.9036,96.6364,154.614
21.3764,2.467,61.0255,97.5354,154.2936
21.6094,2.4693,64.7957,98.3792,154.4375
21.8743,2.4726,67.7773,98.9898,155.222
22.0863,2.4782,69.2923,99.2512,156.6152
22.2175,2.4838,69.1416,99.054,158.6693
22.3159,2.4872,67.3745,98.324,161.3322
22.5338,2.4849,64.5511,96.9552,165.071
23.0199,2.4771,62.181,95.0908,168.8734
23.8678,2.4637,61.7065,92.8421,171.4142
25.0672,2.4491,64.0482,90.3637,172.8698
26.4752,2.4357,68.9697,87.8582,173.1181
27.7874,2.429,74.3499,85.5295,172.0932
28.7479,2.429,78.4659,83.5164,169.0646
29.1609,2.4346,80.2519,81.9054,165.9552
28.8573,2.4447,79.6225,80.781,163.0949
28.0153,2.4559,78.0094,80.0262,160.7295
26.8184,2.4682,76.2202,79.5643,159.0179
25.5071,2.4816,74.3741,79.3131,158.1594
24.38,2.4928,72.1833,79.2061,158.4269
23.6096,2.5017,69.8279,79.161,159.2486
23.263,2.5073,67.8289,79.143,160.2631
23.3093,2.5096,66.9971,79.134,161.2537
23.6499,2.5096,68.3403,79.1261,162.0479
24.0621,2.5073,71.3388,79.1261,162.2405
24.3775,2.504,75.1533,79.1182,161.4049
24.454,2.4995,78.7453,79.1137,159.9981
24.1403,2.4939,80.5967,79.1205,158.2091
23.4716,2.4883,79.9757,79.1486,156.2297
22.5077,2.4861,77.0437,79.2027,154.0509
21.3613,2.4849,72.838,79.285,151.4638
20.1879,2.4883,68.5375,79.3942,149.1896
19.1357,2.4928,64.6671,79.5305,147.0252
18.287,2.4984,61.4156,79.6849,145.186
17.6772,2.5051,58.8662,79.8539,143.8402
17.3298,2.5107,57.1034,80.033,142.8464
17.1633,2.5174,56.2051,80.22,141.8198
17.1263,2.523,56.2062,80.4217,140.6705
17.1725,2.5275,56.707,80.6684,139.7216
17.2743,2.5308,56.9242,81.0289,139.3852
17.424,2.5353,56.4708,81.6541,140.1908
17.6604,2.5398,55.4492,82.623,143.2725
18.0515,2.542,54.3042,83.9816,146.5142
18.7151,2.542,54.5404,85.6816,149.67
19.6605,2.5353,57.2352,87.572,152.5728
20.8574,2.5241,62.1557,89.379,154.9732
22.1999,2.5096,67.7815,90.8841,156.8025
23.4842,2.4995,71.7468,91.9228,157.1886
24.5129,2.4961,73.0594,92.3047,156.3511
25.1463,2.504,71.8227,92.1279,154.7566
25.3187,2.5174,69.1426,91.4778,152.6618
25.0066,2.5342,66.5427,90.5158,150.4522
24.4086,2.5521,64.8632,89.4624,148.3127
23.6794,2.5655,64.4319,88.5443,147.3285
22.9661,2.5745,65.2638,87.8796,146.7358
22.3857,2.5778,66.9792,87.4965,146.4321
21.9442,2.5778,68.684,87.3771,146.3308
21.6069,2.5745,69.674,87.3951,146.4257
21.3268,2.5711,69.461,87.4853,146.8724
21.0694,2.5678,67.8142,87.6092,147.5494
20.823,2.5655,65.5885,87.7354,148.4395
20.6059,2.5655,63.5653,87.8323,149.4789
20.4419,2.5644,62.5289,87.8717,150.6423
20.3679,2.5644,63.2606,87.8514,152.1579
20.3839,2.5655,65.0308,87.8266,153.4856
20.4991,2.5666,66.6977,87.91,154.8237
20.7203,2.5689,67.3882,88.2187,156.2957
21.0677,2.57,66.9982,88.8383,157.897
21.5152,2.5689,66.6924,89.8421,159.8637
22.0384,2.5644,67.5232,91.1128,162.2173
22.5918,2.5555,70.1158,92.5391,164.0535
23.1032,2.5443,73.9366,93.9946,165.5107
23.5145,2.5331,77.2229,95.3195,166.5405
23.7887,2.5241,79.0268,96.4235,167.0825
23.9191,2.5174,79.2683,97.2572,167.1416
23.9267,2.5118,78.5693,97.8204,166.8916
23.9014,2.5073,77.8555,98.1303,166.4762
23.9157,2.5029,77.2925,98.2846,165.829
24.0234,2.4984,76.8043,98.2959,164.8903
24.2303,2.4928,76.2519,98.1122,163.5451
24.4355,2.4872,75.6235,97.5625,161.501
24.518,2.4838,74.7716,96.6004,159.7597
24.3556,2.4838,73.0552,95.2372,158.2125
23.8358,2.4872,69.3472,93.5958,157.0204
23.0494,2.4905,64.1947,91.9285,156.2987
22.1317,2.495,59.3217,90.5169,156.305
21.2805,2.495,56.8672,89.557,157.1313
20.7733,2.4928,58.4951,89.1503,158.2611
20.7313,2.4894,62.9116,89.3588,159.5154
21.2048,2.4849,68.5617,89.9423,160.7488
22.141,2.4827,73.8206,90.6904,161.8785
23.4203,2.4827,77.321,91.3922,162.9483
24.7821,2.4849,79.0163,91.8812,163.5762
26.0454,2.4894,78.9878,92.1932,164.1071
27.069,2.4939,77.5265,92.4354,164.5084
27.7201,2.4961,75.3789,92.7182,164.7392
28.0338,2.495,73.9503,93.108,164.6301
28.0389,2.4849,73.8544,93.5282,163.7751
27.7773,2.4704,74.8022,93.8549,162.3227
27.2625,2.4547,75.8164,93.936,160.2676
26.5703,2.4424,75.9535,93.5485,157.7006
25.7334,2.4413,74.8539,92.6653,154.8036
24.7905,2.4503,72.6292,91.3089,151.2169
23.7904,2.4693,69.6824,89.6134,149.1076
22.813,2.495,66.7567,87.8368,148.0066
21.9307,2.5219,64.1758,86.2911,147.8694
21.2216,2.5431,62.2421,85.1848,148.7058
20.7935,2.5566,61.4588,84.6362,150.6311
20.6413,2.5599,61.7087,84.7612,153.3935
20.7531,2.5555,62.5447,85.4135,155.6007
21.0845,2.5465,63.4841,86.5198,157.348
21.5875,2.5353,64.2675,87.9934,158.6379
22.1721,2.5252,64.9602,89.7497,159.5147
22.792,2.5163,65.5242,91.5995,160.3689
23.4043,2.5073,65.9892,93.3829,161.1204
23.9376,2.4984,66.7304,94.9319,161.4583
24.3262,2.4894,67.6982,96.0348,161.165
24.5003,2.4805,68.4036,96.6882,160.1668
24.4145,2.476,68.2644,96.9372,158.4562
24.0528,2.4749,66.5174,96.8967,157.0399
23.5582,2.4794,63.6634,96.7232,157.2221
23.0771,2.4872,60.8779,96.5959,158.2911
22.7609,2.495,59.6264,96.6015,159.8176
22.7533,2.4995,60.7577,96.766,161.3648
23.0014,2.4995,62.9348,97.0386,162.1925
23.3867,2.4973,64.802,97.2527,161.5511
23.729,2.495,65.2427,97.2222,160.1239
23.7803,2.495,63.715,96.7772,158.1253
23.4397,2.4961,61.3955,95.7352,155.7327
22.6869,2.4995,59.2163,94.2154,152.9384
21.6001,2.5017,57.4893,92.36,149.5108
20.3292,2.5029,55.8182,90.3456,147.0467
19.0869,2.504,53.9384,88.3595,144.95
18.0035,2.5051,52.0627,86.5175,143.1989
17.1565,2.5073,50.6774,84.8851,141.8343
16.6056,2.5118,50.2461,83.522,140.6514
16.2927,2.5174,50.5413,82.5689,139.9526
16.1918,2.523,51.253,82.0856,139.9998
16.2894,2.5275,52.1439,82.1938,140.865
16.6342,2.5297,53.096,82.9936,142.6166
17.26,2.5308,54.5161,84.6181,145.1691
18.2508,2.5275,57.3206,86.8206,149.0229
19.6782,2.5196,62.4509,89.3509,151.7617
21.5732,2.5073,70.1632,91.8688,154.0189
23.7021,2.4928,78.3479,93.9112,155.7253
25.8099,2.476,84.3996,95.235,156.8786
27.6082,2.4637,86.1498,95.716,157.3463
28.7563,2.457,82.6916,95.3983,156.884
29.2408,2.4559,76.8771,94.4576,156.2095
29.1205,2.4626,71.2702,93.3761,155.7377
28.5738,2.4715,67.636,92.5064,155.6779
27.8639,2.4794,66.7209,92.1087,156.1735
27.265,2.4849,67.4051,92.3645,157.5213
26.8907,2.4838,68.878,93.0821,158.864
26.7334,2.4794,70.6693,94.0678,159.9702
26.6872,2.4738,72.2803,95.0908,160.7137
26.5854,2.4704,73.0425,95.8647,160.9725
26.328,2.4693,72.5734,96.2207,160.5748
25.8629,2.4704,71.0731,96.0585,159.4056
25.1538,2.4738,69.1374,95.3623,158.2171
24.2757,2.4794,67.2312,94.1658,157.0526
23.2925,2.4894,65.1605,92.7148,155.9713
22.2865,2.5029,62.6702,91.1658,154.9943
21.3638,2.5174,60.163,89.6359,153.8365
20.5807,2.5297,58.5489,88.2108,152.6874
19.9583,2.5375,58.3707,86.9017,151.5296
19.4746,2.5409,59.2711,85.6997,150.271
19.0709,2.5443,59.9775,84.5821,148.9137
18.6529,2.5487,59.5536,83.5186,147.3486
18.1701,2.5566,57.7402,82.4991,145.56
17.6183,2.5689,54.8039,81.6034,144.7558
17.0808,2.5801,51.3553,81.0131,144.9205
16.7192,2.589,48.3463,81.1032,146.1538
16.7166,2.589,46.7226,82.0068,148.4401
17.2533,2.5812,47.1528,83.7642,152.0773
18.5318,2.5655,50.1829,86.2201,155.4234
20.3889,2.542,55.1413,89.0332,157.7242
22.6044,2.5152,61.2163,91.6671,159.0821
24.8418,2.4894,67.3471,93.7479,159.3782
26.6258,2.4704,72.0873,95.0311,158.4416
27.7016,2.4603,74.293,95.3397,155.6137
27.9539,2.4626,73.4042,94.977,153.0093
27.4324,2.4726,69.9429,94.1996,150.7325
26.2935,2.4838,65.928,93.2713,148.9778
24.9385,2.4917,63.6539,92.4163,147.7216
23.6222,2.4939,63.6096,91.6987,146.6049
22.5035,2.4917,64.7482,91.0757,145.0071
21.6414,2.4905,64.899,90.4493,143.2718
20.9197,2.4928,62.8252,89.69,141.6342
20.2451,2.5017,58.9506,88.7707,140.4325
19.5621,2.514,54.6827,87.7342,139.955
18.8859,2.5264,51.622,86.6741,140.6043
18.2677,2.5342,49.7337,85.7042,141.3227
17.7428,2.5353,48.1586,84.8288,141.1693
17.3012,2.5308,46.0605,83.9704,139.7642
16.8807,2.5241,42.9956,83.0015,136.9778
16.3962,2.5185,39.4837,81.7724,132.4498
15.8074,2.5174,36.2237,80.3079,127.8394
15.1253,2.5196,33.8157,78.689,125.6186
14.4271,2.5241,32.9564,77.0566,124.7844
13.8224,2.5308,33.6618,75.6112,124.8533
13.3934,2.5375,35.6186,74.47,125.2381
13.1882,2.5431,38.0625,73.7039,125.0725
13.2353,2.5465,39.9666,73.3299,124.8695
13.4498,2.5487,41.1769,73.3749,125.6146
13.7702,2.551,42.1574,73.7467,127.5019
14.1555,2.5499,43.3794,74.4553,130.5949
14.6113,2.5476,44.847,75.5583,135.0024
15.1909,2.542,46.1006,77.1974,140.5046
15.9916,2.532,47.5134,79.2895,144.4174
17.1221,2.5152,50.6331,81.715,147.181
18.6933,2.495,57.4292,84.2588,148.7263
20.5647,2.4726,66.6302,86.5874,149.1467
22.5388,2.4547,75.8576,88.4553,148.7441
24.3346,2.4447,82.5588,89.6956,148.4911
25.5601,2.4447,84.6664,90.233,148.3419
26.069,2.4559,83.5709,89.9851,147.9232
25.8032,2.4738,81.0849,89.1853,147.0081
24.8359,2.4939,78.4786,87.9934,145.2686
23.3396,2.5096,75.5697,86.5829,142.2699
21.707,2.5219,71.4737,85.1093,139.7709
20.198,2.5308,65.8532,83.6752,137.3977
18.9818,2.5387,59.1678,82.3087,135.2995
18.1549,2.5476,52.8651,81.0165,133.6214
17.6049,2.5566,48.0458,79.8595,132.4455
17.2541,2.5666,44.7047,78.8963,132.3465
17.0539,2.5756,42.5612,78.1967,132.878
17.0077,2.5812,41.9634,77.7821,133.6113
17.0876,2.5834,43.6134,77.6244,134.2908
17.2701,2.5801,48.0764,77.5681,134.6653
17.5014,2.5734,54.5151,77.5083,134.1267
17.6814,2.5678,60.2906,77.3822,132.9867
17.7192,2.5644,62.9496,77.1602,131.6302
17.5603,2.5644,61.6127,76.8808,130.2666
17.1944,2.5666,56.9727,76.5789,129.1393
16.662,2.5678,50.8988,76.2973,128.5849
16.0951,2.5678,45.8507,76.1069,129.2953
15.598,2.5678,42.8132,76.0641,131.0765
15.2506,2.5689,41.6408,76.241,133.6091
15.1202,2.5711,41.6377,76.7243,136.7911
15.1816,2.5745,41.9993,77.6931,140.4804
15.444,2.5756,42.6055,79.1869,145.9196
15.947,2.5722,43.6293,81.2655,151.416
16.8277,2.5633,45.8855,83.923,157.2992
18.1263,2.5476,49.8972,87.091,163.1546
19.8801,2.5264,55.9489,90.4222,168.586
22.0325,2.5017,63.8837,93.5778,172.9673
24.3817,2.4771,73.032,96.1757,174.5602
26.5467,2.457,81.7143,97.6706,173.3277
28.1701,2.4435,88.3248,97.9568,170.4451
28.9515,2.4413,91.667,96.9902,166.357
28.5889,2.448,90.9417,94.9094,161.4156
27.3298,2.4637,87.1914,91.9769,155.5056
25.4474,2.4849,81.3031,88.8214,151.3953
23.3286,2.504,74.3499,85.9126,148.8246
21.4748,2.5163,67.7225,83.6538,147.3627
20.2123,2.5219,62.9527,82.4979,147.0183
19.6975,2.5196,61.0212,82.3864,147.8221
19.9196,2.5152,61.8573,83.2234,150.2239
20.775,2.5129,64.2917,84.7725,152.8452
21.8987,2.5152,66.5184,86.6877,155.3902
23.0317,2.5196,67.9808,88.4845,157.5812
23.9359,2.5264,68.9476,89.8387,159.081
24.3413,2.5308,70.1316,90.5259,159.5395
24.2017,2.532,71.6234,90.3603,158.6406
23.5086,2.5308,72.6893,89.5638,156.8875
22.3428,2.5297,72.2834,88.3381,154.3399
20.8515,2.5297,69.3746,86.9197,151.0269
19.3266,2.5342,64.763,85.5645,147.0561
17.985,2.5431,59.6749,84.4323,142.3777
17.0068,2.5532,55.484,83.5918,140.1953
16.561,2.5633,53.3511,83.0466,139.5868
16.5518,2.57,53.0285,82.7739,140.3408
16.8697,2.5756,54.223,82.6275,142.157
17.3626,2.5778,56.4381,82.5092,144.7265
17.8589,2.579,59.0887,82.3402,146.844
18.2357,2.5778,61.3839,82.0743,148.2007
18.4485,2.5745,62.7429,81.7285,149.2432
18.499,2.57,63.1815,81.3094,150.0511
18.4081,2.5633,63.2595,80.8115,150.7151
18.2407,2.5543,63.1531,80.2414,151.3576
18.0338,2.5454,62.2211,79.7029,151.8698
17.8269,2.5375,59.6696,79.3514,152.477
17.6957,2.5331,55.3585,79.3672,153.1685
17.715,2.532,50.962,79.9463,153.8783
17.9413,2.5308,48.4464,80.9624,154.4943
18.3753,2.5275,49.4248,82.2411,154.4375
18.9338,2.5219,54.1387,83.5411,153.6829
19.4334,2.5129,59.6095,84.5551,152.4613
19.7219,2.5062,63.326,85.133,150.99
19.7034,2.504,63.908,85.222,149.5343
19.3552,2.5062,61.4609,84.8975,148.4619
18.8859,2.5096,58.4034,84.3759,148.6061
18.5309,2.5096,56.7544,84.0087,149.3137
18.5376,2.5051,57.7117,84.0267,150.1472
19.1163,2.4973,61.21,84.4942,150.6949
20.0861,2.4861,65.4789,85.2738,150.3858
21.1602,2.476,69.1121,85.9633,148.1364
21.9669,2.4715,70.7484,86.2291,144.9726
22.0678,2.4715,68.9971,85.8427,141.2657
21.4168,2.4794,64.608,84.6441,137.2595
20.1013,2.4928,58.6311,82.8922,133.3036
18.361,2.5096,52.3906,80.8205,129.3105
16.5644,2.5252,47.7717,78.698,126.7215
15.0689,2.5387,45.8317,76.8347,125.0886
14.0612,2.5454,46.4886,75.3836,124.0863
13.5919,2.5487,48.7501,74.4148,123.7014
13.6323,2.5487,51.3205,73.9213,124.0655
13.9553,2.5476,53.1824,73.9056,126.2726
14.4389,2.5465,54.1608,74.2402,129.6937
15.0092,2.5465,54.7006,74.9105,134.0656
15.6493,2.5454,55.7191,75.948,138.8196
16.3701,2.5431,57.4914,77.4847,143.5007
17.2171,2.5387,59.5947,79.4934,147.7869
18.2525,2.532,61.4356,81.947,150.3791
19.5672,2.5185,62.8463,84.7364,151.855
21.1215,2.5006,64.5184,87.6554,152.931
22.8383,2.476,67.0614,90.3997,153.7077
24.5651,2.4503,70.4626,92.7272,154.2713
26.0404,2.429,74.0568,94.4452,154.6779
27.0867,2.4178,76.7896,95.3521,154.9735
27.5947,2.4234,77.9124,95.6259,155.476
27.5586,2.4424,77.2334,95.4445,156.2333
27.0497,2.4693,75.4896,95.0491,157.2249
26.3491,2.4973,74.4469,94.7021,158.5214
25.6375,2.5174,75.3283,94.5275,159.5863
25.0226,2.5275,78.3046,94.541,159.8859
24.5062,2.5275,82.0264,94.3033,159.4418
23.967,2.5241,84.018,93.6364,158.19
23.2899,2.5208,82.9942,92.449,156.1624
22.4068,2.5241,79.1375,90.7828,152.8638
21.3209,2.532,73.4875,88.7989,150.2927
20.1862,2.5443,67.7573,86.8375,148.3249
19.1634,2.5577,63.1204,85.1465,146.9006
18.3972,2.5666,60.3686,83.8904,145.9716
18.0111,2.5711,59.8278,83.1795,145.4684
17.9177,2.57,60.3496,82.846,145.3587
18.0069,2.5655,61.1551,82.7458,145.5158
18.1448,2.5599,61.8478,82.721,145.7919
18.1962,2.5555,62.0144,82.6106,146.0774
18.1036,2.5521,61.4208,82.3267,146.2517
17.8597,2.5487,59.9216,81.8378,145.8973
17.4888,2.5454,57.6453,81.1674,144.9167
17.0346,2.542,55.2004,80.3777,143.8376
16.5745,2.5375,53.2024,79.5869,142.97
16.1674,2.5353,51.8223,78.8749,142.5811
15.868,2.5342,50.8028,78.3026,142.9785
15.746,2.5342,49.8002,77.959,144.5997
15.8057,2.5364,49.3247,77.8824,146.5369
16.048,2.5398,50.0753,78.1606,148.8385
16.4643,2.5431,52.2156,78.8828,151.4443
17.0649,2.5443,55.116,80.1795,154.2471
17.8311,2.5431,57.775,81.9166,157.6825
18.7992,2.5364,60.2727,83.9478,160.446
20.0172,2.5241,63.5927,86.0602,162.1496
21.532,2.5085,69.3693,87.9708,162.935
23.2142,2.4928,77.2081,89.5739,162.6151
24.8864,2.4838,85.2252,90.9529,160.9976
26.2994,2.4827,90.9501,92.4016,156.5607
27.0783,2.4917,92.4609,94.5004,151.2423
27.0926,2.5073,91.0977,97.5264,145.0775
26.2666,2.5297,88.1519,101.4413,138.4667
24.6584,2.5555,84.0348,105.7932,131.9951
22.4379,2.5823,77.4686,109.6067,125.9276
20.0609,2.6081,67.7182,111.9848,122.7155
17.8774,2.6271,55.232,112.2947,122.6146
16.1884,2.6372,41.993,110.2511,124.7103
15.3145,2.6383,31.0787,105.7369,128.7383
15.2237,2.6327,23.9621,99.8415,134.2058
15.8789,2.6237,21.1618,93.5631,141.5718
17.1624,2.617,22.7823,88.0012,146.341
18.9128,2.6114,29.1841,84.4041,149.7774
20.7952,2.6047,38.5158,82.9012,152.2171
22.5767,2.5924,48.9346,83.2696,154.0099
24.0629,2.5778,58.5647,84.9088,155.69
25.0504,2.5599,65.8732,87.0617,157.1987
25.5424,2.5431,71.3061,88.96,157.6992
25.5357,2.5297,75.6151,90.2228,157.2316
25.0563,2.5208,79.2008,90.6611,155.769
24.11,2.5174,81.3811,90.1,153.3213
22.8517,2.5196,81.3927,88.7459,149.0675
21.3814,2.5275,78.8824,86.7417,144.6009
19.8094,2.5375,74.236,84.2903,140.2437
18.2777,2.5499,68.529,81.6451,136.122
16.9093,2.5622,63.2332,79.1013,132.6873
15.7923,2.5722,58.765,76.829,130.1725
14.9797,2.5812,54.8693,74.9262,129.1675
14.5121,2.5868,51.1971,73.5056,129.419
14.2858,2.5901,47.7769,72.5199,130.3486
14.2312,2.589,45.0188,71.9972,131.974
14.2867,2.5846,43.469,71.9757,134.2797
14.433,2.5801,43.4785,72.583,138.0328
14.6778,2.5745,44.0932,73.7422,141.9894
15.0815,2.5678,44.5317,75.4219,145.8204
15.7174,2.5611,44.6519,77.5421,149.7056
16.6763,2.5521,45.3752,80.0014,153.7017
17.89,2.5409,47.9214,82.5667,157.8755
19.2627,2.5286,52.8176,85.0631,162.5702
20.6547,2.5163,59.3607,87.3287,165.5028
21.887,2.5073,65.578,89.1481,167.4153
22.8669,2.5006,70.4025,90.4898,168.2776
23.5473,2.4984,74.1612,91.3314,168.1306
23.9208,2.4995,77.5044,91.6998,166.7865
23.9771,2.5017,80.3721,91.5939,164.5891
23.8173,2.5062,81.8809,91.1342,162.1773
23.4943,2.5118,81.1608,90.3535,159.5615
23.0544,2.5208,78.4153,89.2889,156.8217
22.5195,2.5308,75.2324,87.999,153.9411
21.9324,2.542,73.206,86.6674,149.872
21.3243,2.5521,72.2212,85.4484,146.4715
20.7363,2.5611,71.2365,84.4773,143.2632
20.2266,2.5678,68.9855,83.8915,140.754
19.8178,2.5711,65.6518,83.6437,139.3326
19.5184,2.5711,62.1915,83.6865,139.6393
19.3291,2.5678,59.8341,83.9388,141.6986
19.2576,2.5644,59.736,84.3005,143.6259
19.2787,2.5633,61.3976,84.6474,145.0841
19.3804,2.5678,63.9796,84.9178,145.8947
19.5512,2.5745,66.4657,85.1059,146.0755
19.7859,2.5846,67.8247,85.2749,146.1349
20.0735,2.5946,68.0862,85.5431,146.7847
20.4259,2.6002,67.7256,86.0083,147.8718
20.8616,2.6025,67.4304,86.7282,149.2335
21.405,2.5991,68.0461,87.7275,150.7304
22.0173,2.5913,69.8216,88.8766,152.3757
22.6465,2.5801,72.6841,90.0595,154.1351
23.2201,2.5666,76.1665,91.159,155.4199
23.6398,2.5532,79.1375,92.0456,156.2976
23.8821,2.5409,80.6652,92.6889,156.6734
23.946,2.532,80.7211,93.0719,156.4596
23.856,2.5275,80.0506,93.1936,155.5622
23.6382,2.5241,79.865,93.0246,154.7643
23.3412,2.5241,80.486,92.6146,154.2576
22.9737,2.5252,81.2957,91.96,153.8546
22.522,2.5264,81.3179,91.0543,153.3929
21.9509,2.5275,79.4971,89.8612,152.5842
21.2671,2.5275,76.2329,88.4665,150.9184
20.4916,2.5275,72.2676,86.9603,149.2377
19.6731,2.5264,68.3034,85.4665,147.5264
18.9086,2.5252,64.8558,84.1641,145.9384
18.2811,2.523,61.7519,83.1468,144.5668
17.8521,2.5196,58.7977,82.4743,143.4905
17.6494,2.5174,56.1429,82.1633,143.2343
17.6856,2.5174,54.1819,82.2433,143.5844
17.8782,2.5174,53.0148,82.5982,144.3423
18.1734,2.5208,52.8598,83.1457,145.4371
18.5242,2.5241,53.9183,83.7879,146.8931
18.8918,2.5286,56.2874,84.4097,149.0951
19.2442,2.5331,59.2521,84.928,150.7392
19.5588,2.5375,61.9533,85.3166,151.8971
19.8136,2.5431,63.4103,85.5938,152.4561
19.9835,2.5487,62.6575,85.836,152.3794
20.0794,2.5532,60.55,86.1593,151.735
20.1231,2.5566,58.2927,86.6516,151.3814
20.1551,2.5577,57.0169,87.3614,151.896
20.2384,2.5555,57.8657,88.2942,153.14
20.4083,2.5499,60.5015,89.3148,154.9849
20.6657,2.542,64.0102,90.2995,157.1332
20.976,2.5342,67.2913,91.1196,159.4837
21.2687,2.5275,69.2681,91.6254,160.2251
21.479,2.523,69.7657,91.7978,159.9196
21.5816,2.5185,68.8928,91.6119,158.7617
21.5842,2.5129,67.3819,91.0678,156.9155
21.5169,2.5062,66.3234,90.1372,154.466
21.4344,2.4995,66.082,88.9363,151.885
21.3554,2.4961,66.2485,87.5439,149.6916
21.2721,2.5006,65.8373,86.0579,147.4241
21.1468,2.5118,63.5969,84.599,145.1866
20.95,2.5275,60.0123,83.2741,143.0645
20.6749,2.5443,56.6216,82.1724,141.4663
20.346,2.5577,55.291,81.3578,141.3717
20.0239,2.5655,57.3069,80.9038,141.8782
19.7817,2.5678,61.2173,80.7022,142.6167
19.6664,2.5666,65.073,80.6459,143.359
19.6967,2.5644,67.131,80.6087,144.0146
19.87,2.5622,66.743,80.4949,144.7485
20.1164,2.5622,65.5558,80.3451,145.5665
20.394,2.5655,64.8832,80.282,146.5256
20.6758,2.5689,65.0614,80.451,147.5069
20.9601,2.5734,65.4599,81.0097,148.3647
21.2536,2.5767,65.8342,81.8907,148.8333
21.548,2.5767,66.7789,82.9779,148.3396
21.7986,2.5734,68.5838,84.1134,147.3964
21.913,2.5678,70.4595,85.1037,146.3679
21.8373,2.5622,70.7599,85.8405,145.5348
21.5371,2.5588,68.431,86.2652,145.1485
21.0341,2.5577,63.8268,86.3801,145.3213
20.4024,2.5588,59.1171,86.2359,145.6643
19.7943,2.5611,56.5446,86.0219,146.1478
19.3392,2.5611,56.3464,85.8878,146.8167
19.1416,2.5577,57.3607,85.9441,147.6688
19.2904,2.551,58.2431,86.2483,148.7493
19.6858,2.5431,58.7534,86.6978,149.3956
20.2089,2.5364,59.6696,87.1912,149.5008
20.7086,2.5308,61.949,87.6317,149.301
20.9945,2.5275,65.5126,87.9122,148.9044
20.992,2.5264,68.5944,87.999,148.4456
20.6724,2.5275,69.9281,87.8717,147.9336
20.0685,2.5275,69.3682,87.5427,147.5904
19.2576,2.5286,67.4114,87.0572,147.3029
18.4182,2.5286,64.9412,86.5401,147.1069
17.6965,2.5286,62.2495,86.0725,147.0328
17.2264,2.5264,59.6032,85.7064,147.1968
17.1473,2.523,57.6074,85.4642,147.8871
17.4072,2.5196,56.8809,85.311,148.9611
17.9329,2.5174,57.7044,85.2366,150.3555
18.6142,2.5163,59.6295,85.2558,151.8858
19.3291,2.5174,61.4198,85.4045,153.3965
19.9945,2.5185,62.3739,85.6602,154.6513
20.6009,2.5163,62.7166,85.9667,154.8066
21.1729,2.5118,63.3544,86.2291,154.2453
21.7448,2.5029,65.7888,86.2888,153.0527
22.3117,2.4917,69.9102,86.0748,151.3188
22.8265,2.4827,74.178,85.5543,148.8754
23.21,2.4782,76.3752,84.7432,145.8619
23.3438,2.4805,74.8739,83.6921,143.3096
23.2201,2.4861,71.3767,82.5633,140.931
22.8542,2.495,67.9418,81.4987,138.7471
22.3117,2.5051,66.1927,80.6346,136.8599
21.6876,2.514,66.6555,80.1175,135.0822
21.0946,2.523,67.6191,79.8978,134.0167
20.5841,2.5331,67.772,79.8944,133.5093
20.1669,2.5431,66.7251,79.9958,133.5523
19.8313,2.5543,64.7303,80.1051,134.1441
19.547,2.5633,62.4024,80.2042,135.2795
19.3241,2.57,60.3043,80.3451,136.4845
19.1962,2.5734,58.8768,80.6109,136.7888
19.2248,2.5734,58.6954,81.1123,136.788
19.4099,2.57,60.0407,81.8513,136.9094
19.7404,2.5644,63.0403,82.8089,137.5793
20.1812,2.5566,67.1985,83.9107,139.7594
20.669,2.5487,71.2397,85.0091,142.6247
21.1072,2.5398,74.1,85.9047,144.8957
21.4042,2.5331,75.7553,86.4218,146.4304
21.4689,2.5275,76.7189,86.4319,147.0824
21.1829,2.523,77.3642,85.8303,146.7953
20.5799,2.523,77.0532,84.8299,145.3127
19.711,2.5264,74.6177,83.647,143.6718
18.6857,2.5331,69.5865,82.5407,142.0918
17.6839,2.542,62.9422,81.8321,140.9344
16.8933,2.551,57.2426,81.6305,140.4784
16.4475,2.5566,54.339,81.9583,141.2313
16.4122,2.5599,54.8187,82.7334,143.2047
16.8041,2.5599,57.9152,83.7924,145.2882
17.4282,2.5566,61.4124,84.8491,147.3301
18.1205,2.5521,64.1241,85.7166,149.1002
18.7269,2.5487,65.6897,86.2731,150.4091
19.1037,2.5454,66.2875,86.4454,151.0883
19.2484,2.5443,66.3002,86.361,150.8407
19.192,2.5443,65.5506,86.1401,150.1804
19.0028,2.5443,63.7772,85.9216,149.3257
18.7664,2.5443,61.1372,85.8731,148.5378
18.5721,2.542,58.5383,86.0804,148.2484
18.4729,2.5398,56.6553,86.5694,149.3538
18.4998,2.5353,55.7001,87.2859,151.4785
18.6722,2.5297,55.4629,88.07,154.2359
18.9347,2.523,55.4977,88.6941,157.3182
19.2232,2.5174,55.6759,89.0084,160.3165
19.4637,2.5129,55.9943,88.9633,163.0579
19.5781,2.5107,55.9658,88.6163,164.3037
19.5764,2.5118,54.8693,88.213,164.9597
19.5125,2.5152,52.436,87.9551,165.3831
19.4839,2.5196,49.1507,88.0069,165.7805
19.6235,2.5208,46.7795,88.5251,166.3705
19.9608,2.5163,47.2034,89.423,167.1375
20.4604,2.5085,51.2572,90.5676,167.4748
21.0147,2.4984,58.0681,91.7448,167.3949
21.4504,2.4928,65.0371,92.6326,166.8885
21.6565,2.4905,69.5991,93.0528,165.9832
21.5942,2.495,71.071,92.939,164.6945
21.3032,2.5017,70.3857,92.3611,163.8918
20.8902,2.5073,69.3893,91.4824,163.7005
20.5159,2.5118,69.1911,90.5653,163.9388
20.2779,2.514,69.479,89.735,164.4323
20.2081,2.5152,69.3661,89.0264,164.9063
20.2661,2.5129,68.2855,88.3944,164.4667
20.3141,2.5107,66.8569,87.741,162.9614
20.2392,2.5062,65.7351,87.0166,160.7873
19.9591,2.5017,64.9212,86.2032,158.1605
19.42,2.4995,63.6707,85.302,155.4325
18.7101,2.4995,61.3649,84.3624,152.6717
17.9228,2.5051,58.0101,83.4341,151.063
17.1717,2.5129,54.2589,82.5948,150.4777
16.6048,2.5208,51.3774,81.9853,150.5256
16.2809,2.5297,49.9436,81.6879,151.1403
16.2305,2.5342,49.8782,81.795,152.2668
16.4475,2.5375,50.9325,82.3909,154.8497
16.9429,2.5364,53.2383,83.6425,157.9859
17.6789,2.5331,56.5657,85.4946,161.8483
18.6991,2.5275,60.7745,87.9089,166.062
20.0685,2.5174,65.8447,90.758,170.3755
21.876,2.5051,72.0631,93.8099,174.5952
23.978,2.4917,79.2451,96.6961,177.1843
26.18,2.4794,86.795,99.1025,177.6645
28.1953,2.4693,93.4246,100.7495,176.5989
29.6109,2.4648,96.9913,101.2959,174.1573
30.2686,2.4637,96.7847,100.8723,170.4947
30.0996,2.4682,93.0281,99.6094,164.9998
29.176,2.476,87.0217,97.7427,160.7303
27.6747,2.4849,80.8476,95.556,157.2999
26.0067,2.4973,76.0653,93.4077,154.7587
24.4532,2.5085,73.0605,91.5105,153.1831
23.2159,2.5174,71.5623,89.9998,152.5704
22.4404,2.5241,71.0773,88.978,152.9111
22.0224,2.5264,70.916,88.3189,153.4827
21.8634,2.5241,70.8991,87.928,154.118
21.855,2.5208,70.8886,87.7117,154.7861
21.9055,2.5163,70.3509,87.6317,155.5023
21.9551,2.5129,69.1458,87.6678,156.7064
22.0114,2.5096,68.0862,87.8492,158.2565
22.1225,2.5051,68.2106,88.1883,160.0251
22.3731,2.4995,70.372,88.6637,161.8923
22.7592,2.4928,74.3067,89.1413,163.5597
23.2109,2.4827,79.6004,89.4635,164.6576
23.581,2.4749,85.3348,89.45,164.0702
23.6154,2.4693,89.4877,88.8394,161.8649
23.1932,2.4693,90.1636,87.6385,158.5728
22.2722,2.4771,86.2078,85.9092,154.4164
20.9256,2.4905,78.0105,83.8374,149.7919
19.3518,2.5062,67.8395,81.7183,144.5069
17.8765,2.5208,58.9179,79.8381,140.5645
16.7242,2.5286,52.7016,78.3521,137.9482
16.0168,2.5308,49.4227,77.3089,136.2138
15.7822,2.5275,48.7427,76.722,135.2145
15.7956,2.5219,49.1665,76.4313,134.812
15.8898,2.5174,49.5998,76.3367,134.6508
15.942,2.5185,49.1676,76.3446,134.3419
15.8957,2.5241,47.7179,76.3829,133.7748
15.7973,2.5331,46.3526,76.4122,133.058
15.7014,2.5409,45.9614,76.4381,132.2938
15.6518,2.5465,46.7521,76.4742,131.6333
15.6568,2.551,48.0669,76.5203,131.3703
15.6711,2.5532,48.8397,76.562,131.3373
15.6501,2.5555,48.7406,76.6015,131.4762
15.5727,2.5577,48.0996,76.6859,131.8983
15.4684,2.5611,47.6989,76.9462,132.7817
15.4239,2.5655,48.0152,77.4655,135.1671
15.529,2.5689,49.1792,78.2981,138.0155
15.8495,2.57,51.1919,79.4224,140.913
16.429,2.5666,54.2757,80.7495,143.5345
17.1767,2.5611,58.2368,82.0743,145.4821
18.0052,2.5521,62.5637,83.2234,146.3571
18.8211,2.5431,66.5016,84.0391,145.685
19.5318,2.5353,69.4136,84.332,144.4489
20.1114,2.5308,71.5307,84.1348,143.0948
20.5563,2.5286,73.0383,83.4803,141.8065
20.8743,2.5297,73.7247,82.4427,140.7544
21.0543,2.5342,73.1385,81.1044,139.7199
21.0988,2.5409,71.6804,79.6556,138.8579
20.9769,2.5499,69.9186,78.2508,138.0469
20.6665,2.5588,68.219,77.0701,137.4958
20.1719,2.5644,66.1136,76.393,137.4473
19.6277,2.5644,62.8621,76.3097,138.3982
19.1996,2.5588,58.5225,76.8786,141.08
19.0785,2.5487,54.6015,78.0581,144.1225
19.4906,2.5375,54.2167,79.7559,147.1248
20.3797,2.5275,58.3876,81.6586,149.6807
21.606,2.5208,66.4562,83.54,151.5199
22.919,2.5185,76.0516,85.1938,152.3569
23.9578,2.5196,83.5045,86.4105,152.2185
24.5087,2.5219,87.0702,87.2093,151.9549
24.486,2.5264,86.9279,87.6509,151.811
23.9342,2.5308,84.7265,87.8638,151.9179
23.0082,2.5342,82.5103,88.0204,152.3955
22.0283,2.5375,81.1439,88.2784,153.3727
21.2141,2.5375,80.4849,88.6907,154.1656
20.7102,2.5387,80.1665,89.2225,154.707
20.5916,2.5375,80.2214,89.7474,154.886
20.7102,2.5375,80.9372,90.1079,154.6534
20.9197,2.5364,82.5725,90.1947,153.8733
21.0635,2.5364,84.892,89.9457,152.8819
20.9743,2.5364,86.5778,89.3103,151.9448
20.6211,2.5364,86.4682,88.3967,150.924
20.0205,2.5387,84.3733,87.2836,149.8051
19.2518,2.542,80.875,86.0793,148.5811
18.4544,2.5465,77.3062,84.9606,147.1216
17.7849,2.5521,74.8581,84.1134,146.5182
17.3567,2.5599,73.6836,83.7113,146.626
17.2465,2.5655,73.3251,83.8881,147.5141
17.5426,2.5689,73.1111,84.7826,149.1888
18.1861,2.5666,72.4932,86.1953,151.8937
19.1365,2.5577,71.7521,87.9201,154.8403
20.3065,2.542,71.9566,89.6765,156.7948
21.5286,2.5219,74.4037,91.0689,157.798
22.5699,2.5006,78.4195,91.8654,157.7233
23.2361,2.4838,82.4713,91.9251,156.5005
23.3867,2.4749,84.6295,91.2345,153.6383
22.9106,2.4738,82.9341,89.8454,151.1086
22.0013,2.4805,78.5007,88.1195,149.1074
20.8524,2.4928,73.556,86.317,147.7046
19.6992,2.5062,70.1917,84.67,146.9053
18.8051,2.5174,69.8142,83.4003,146.6624
18.2542,2.5241,71.2249,82.5238,146.9083
18.0406,2.5275,72.6904,82.0304,147.3906
18.0952,2.5297,72.9202,81.8896,148.0682
18.3543,2.5308,71.3999,82.1025,148.8751
18.7496,2.532,69.2881,82.5678,149.7667
19.2837,2.5331,67.868,83.2268,150.7229
19.9558,2.532,68.0946,84.0132,151.236
20.7313,2.5308,70.4489,84.839,151.4084
21.4891,2.5297,73.4822,85.6061,151.2965
22.1141,2.5331,75.8186,86.2539,150.9209
22.5043,2.5398,76.6388,86.7496,150.2572
22.5699,2.5476,76.1981,87.1,149.4299
22.3899,2.5566,75.8639,87.403,148.9857
22.0611,2.5622,75.886,87.7421,148.7988
21.7103,2.5633,75.5255,88.1657,148.8108
21.4807,2.5599,74.0083,88.6648,148.947
21.4176,2.5543,72.0314,89.1503,149.0846
21.5051,2.5487,70.9518,89.5446,149.1037
21.6851,2.5454,71.7995,89.8015,149.0976
21.8819,2.5443,74.1042,89.8905,149.0998
22.0392,2.5431,75.9451,89.8612,149.1147
22.1359,2.5431,76.5924,89.744,149.1318
22.1721,2.5409,76.4258,89.5706,149.084
22.1502,2.5375,76.4722,89.3644,149.0021
22.0905,2.5353,77.1755,89.1571,148.9186
22.003,2.5342,78.0421,88.9656,148.9004
21.8954,2.5331,78.1665,88.8079,149.0237
21.7667,2.5331,76.9403,88.7189,149.5367
21.622,2.5331,74.993,88.7268,150.5098
21.4614,2.5308,72.8253,88.8563,151.5396
21.2906,2.5264,70.9508,89.112,152.5096
21.1207,2.5208,70.0314,89.4771,153.3401
20.9617,2.514,70.1421,89.868,154.0127
20.8221,2.5073,71.0393,90.215,154.7165
20.7086,2.504,72.2086,90.4493,155.1511
20.627,2.5029,73.0373,90.4662,155.3519
20.5597,2.504,73.4948,90.2375,155.3044
20.4831,2.5062,74.0926,89.7339,155.0551
20.3587,2.5096,75.284,88.9701,154.7233
20.1391,2.5118,76.6578,88.0035,154.6271
19.8304,2.5152,77.1459,86.9986,154.7582
19.4688,2.5208,76.0558,86.0917,154.9756
19.118,2.5275,73.5676,85.4045,155.2965
18.885,2.5353,71.033,85.0778,155.7741
18.8211,2.5431,70.0103,85.0891,157.1044
18.9405,2.5487,71.014,85.3989,159.096
19.2097,2.551,73.5412,85.9193,161.3625
19.5487,2.551,76.2835,86.5266,163.6572
19.8523,2.5476,77.9251,87.0628,165.6191
20.0617,2.5443,77.7311,87.3873,166.892
20.1475,2.542,75.3747,87.3197,166.5485
20.0861,2.542,71.2797,86.4871,164.7235
19.8868,2.5443,67.4652,84.7387,161.7872
19.531,2.5499,65.481,81.9853,157.8169
18.9977,2.5588,65.6739,78.3758,153.0032
18.2819,2.5722,66.2728,74.3551,146.6856
17.5056,2.5913,64.5311,70.6824,141.522
16.831,2.6148,59.5621,67.9685,137.869
16.4643,2.6372,53.1413,66.6932,135.6774
16.6754,2.6495,49.7453,67.385,135.135
17.456,2.6472,51.7528,69.7057,136.5678
18.7067,2.626,58.5447,73.2995,140.6767
20.2022,2.598,67.3598,77.5804,144.6434
21.5917,2.57,74.7895,81.7262,148.3314
22.5943,2.551,79.5561,85.0778,151.3739
23.0654,2.542,81.844,87.3366,153.6065
22.9997,2.5409,82.0801,88.5274,155.021
22.5035,2.5431,80.3173,88.8676,155.4424
21.892,2.5454,77.6583,88.9194,155.3546
21.3882,2.5431,75.361,89.0174,155.0614
21.1611,2.5387,74.5755,89.3881,154.7985
21.3461,2.5308,75.6931,90.1857,154.8589
21.8752,2.5185,77.4169,91.2942,156.1005
22.6734,2.504,79.0848,92.5661,157.8602
23.6281,2.4872,80.9056,93.7986,159.7195
24.5701,2.4738,83.4412,94.7224,161.4002
25.3305,2.4682,86.1582,95.2169,162.6164
25.7914,2.4726,87.9653,95.2305,163.0768
25.8839,2.4849,88.0096,94.7956,162.2832
25.5601,2.5017,86.5546,93.9631,160.7289
24.9427,2.5174,85.2599,92.9063,158.7312
24.1167,2.5275,85.2041,91.7009,156.4882
23.1596,2.5308,86.1709,90.3761,154.313
22.1225,2.5297,86.698,88.9171,152.0232
21.0484,2.5275,85.6321,87.3535,150.427
19.9524,2.5297,82.3827,85.7177,148.7536
18.8623,2.5364,76.798,84.065,146.8777
17.8454,2.5476,69.4294,82.4946,144.7338
16.974,2.5588,62.1831,81.0841,142.2434
16.3196,2.5655,56.7439,79.9023,140.0002
15.9302,2.5678,54.0248,79.0011,138.8079
15.8461,2.5666,53.6779,78.4626,138.2752
15.984,2.5644,53.7243,78.2609,138.4134
16.2978,2.5633,53.2436,78.4468,139.2289
16.7646,2.5633,52.437,79.1013,141.2261
17.4375,2.5644,52.3569,80.416,144.0773
18.3627,2.5611,53.6895,82.3312,147.6551
19.6067,2.5532,56.8736,84.7601,151.6301
21.1922,2.5387,62.2706,87.4965,155.434
23.0611,2.5208,70.0156,90.162,158.5205
24.9579,2.4995,78.5577,92.3464,159.4579
26.6224,2.4805,85.747,93.7186,158.5881
27.7924,2.4659,89.3865,94.0645,157.248
28.1717,2.4603,88.211,93.2026,155.8443
27.8286,2.4626,84.3142,91.5116,154.683
26.8815,2.4749,79.5129,89.3092,153.4925
25.555,2.4917,75.0953,86.9513,152.1923
24.1613,2.5085,71.6519,84.8221,151.2073
22.9955,2.5219,69.0562,83.1457,150.7564
22.2133,2.5308,67.3218,82.0518,151.0092
21.8676,2.5364,66.723,81.5899,152.0635
21.9585,2.5409,67.6729,81.8006,153.7857
22.3134,2.5443,69.7425,82.4596,154.6566
22.8181,2.5476,72.6619,83.415,154.9437
23.3698,2.551,76.2835,84.5134,154.7638
23.8577,2.5521,80.6136,85.605,154.2747
24.2135,2.5532,85.0227,86.575,153.7395
24.3952,2.5532,88.6443,87.3456,153.6255
24.3825,2.5532,90.8615,87.8706,153.8578
24.1605,2.5555,91.4055,88.0993,154.1577
23.7879,2.5588,91.0439,88.0936,154.3311
23.295,2.5633,90.3723,87.8604,154.1524
22.6986,2.5655,89.9053,87.3873,152.9959
21.9795,2.5644,90.1003,86.5953,151.5368
21.1384,2.5611,90.1868,85.5228,149.9834
20.1745,2.5577,88.8415,84.2329,148.5104
19.1239,2.5555,84.6579,82.8494,147.262
18.0952,2.5566,76.7,81.5956,146.5663
17.244,2.5577,67.403,80.6808,147.2932
16.7225,2.5577,59.7128,80.2887,149.0656
16.6586,2.5543,56.0048,80.5636,151.4383
17.1793,2.5465,57.2194,81.6891,154.0161
18.144,2.5375,60.667,83.4769,156.4972
19.4175,2.5286,64.4625,85.7492,158.813
20.8162,2.5196,67.5643,88.2536,160.2157
22.1191,2.5107,69.6276,90.6768,161.3919
23.1697,2.5006,70.9234,92.7768,162.4594
23.877,2.4905,71.3525,94.4047,163.3674
24.2059,2.4805,70.8432,95.4625,164.0632
24.1294,2.4749,69.7531,95.7836,164.0182
23.7652,2.4738,69.1426,95.44,163.1015
23.1789,2.4771,69.7162,94.4486,161.5245
22.4354,2.4849,71.2165,92.8872,159.4189
21.5867,2.4939,72.139,90.8763,157.0295
20.7102,2.504,71.1163,88.7369,154.3399
19.8565,2.514,67.8289,86.7237,152.7682
19.0768,2.523,63.2058,85.0845,152.0055
18.4544,2.532,59.4197,84.136,151.864
18.0363,2.5387,58.0312,83.9107,152.3604
17.8816,2.542,59.1899,84.4052,153.646
18.033,2.5431,62.0829,85.5093,156.216
18.5284,2.542,65.7446,87.0335,158.5455
19.2442,2.5398,69.6202,88.622,160.3517
